{
  "family": "EDC17_HyundaiKia",
  "totalPairs": 51,
  "maps": [
    {
      "sigHex": "080008004006d007b80ba00f",
      "sigBytes": [
        8,
        0,
        8,
        0,
        64,
        6,
        208,
        7,
        184,
        11,
        160,
        15
      ],
      "rows": 8,
      "cols": 8,
      "xAxis": [
        1600,
        2000,
        3000,
        4000,
        5000,
        6000,
        7000,
        8000
      ],
      "yAxis": [
        2481,
        2631,
        2731,
        2831,
        2931,
        3131,
        3331,
        3531
      ],
      "le": true,
      "occurrences": 24,
      "occurrencePct": 47.05882352941176,
      "avgPctChange": 3.0000000000000018,
      "medianPctChange": 3.0000000000000027,
      "sampleFiles": [
        "Hyundai_i30_1.6_2017_Turbo-Diesel__66.2KWKW_Bosch___516008_5CCB.Original",
        "Hyundai_i40_1.7crdi_2017_Turbo-Diesel__100KWKW_Bosch___522448_7A41.Original",
        "Hyundai_i40_1.7CRDI_2017___100KWKW_Bosch___522450_28B8.Original"
      ]
    },
    {
      "sigHex": "1000100000009001b0044006",
      "sigBytes": [
        16,
        0,
        16,
        0,
        0,
        0,
        144,
        1,
        176,
        4,
        64,
        6
      ],
      "rows": 16,
      "cols": 16,
      "xAxis": [
        0,
        400,
        1200,
        1600,
        2000,
        2500,
        3000,
        3500,
        4000,
        4500,
        5000,
        5500,
        6000,
        7000,
        8000,
        9000
      ],
      "yAxis": [
        2531,
        2631,
        2731,
        2831,
        2931,
        3031,
        3131,
        3231,
        3331,
        3431,
        3531,
        3581,
        3631,
        3681,
        3731,
        3781
      ],
      "le": true,
      "occurrences": 17,
      "occurrencePct": 33.33333333333333,
      "avgPctChange": 62.763803962222774,
      "medianPctChange": 62.653315101730286,
      "sampleFiles": [
        "Hyundai_i30_1.6_2017_Turbo-Diesel__66.2KWKW_Bosch___516008_5CCB.Original",
        "Hyundai_i40_1.7crdi_2017_Turbo-Diesel__100KWKW_Bosch___522448_7A41.Original",
        "Hyundai_i40_1.7CRDI_2017___100KWKW_Bosch___522450_28B8.Original"
      ]
    },
    {
      "sigHex": "100010005000200340066009",
      "sigBytes": [
        16,
        0,
        16,
        0,
        80,
        0,
        32,
        3,
        64,
        6,
        96,
        9
      ],
      "rows": 16,
      "cols": 16,
      "xAxis": [
        80,
        800,
        1600,
        2400,
        3200,
        4000,
        4800,
        5600,
        6400,
        7200,
        8000,
        8800,
        9600,
        10400,
        11200,
        12000
      ],
      "yAxis": [
        0,
        492,
        983,
        1475,
        1966,
        2294,
        2621,
        2949,
        3277,
        3686,
        4096,
        4915,
        5734,
        6554,
        7373,
        8192
      ],
      "le": true,
      "occurrences": 11,
      "occurrencePct": 21.568627450980394,
      "avgPctChange": 161.17214545503606,
      "medianPctChange": 145.28904503353561,
      "sampleFiles": [
        "Hyundai_i30_1.6_2017_Turbo-Diesel__66.2KWKW_Bosch___516008_5CCB.Original",
        "Hyundai_Santa_Fe_2.0crdi_2017___110.3KWKW_Bosch___519253_005F.Original",
        "Kia_Sorento_2.0d_2017___110.3KWKW_Bosch___519249_0D0F.Original"
      ]
    },
    {
      "sigHex": "05000600c800d00728231027",
      "sigBytes": [
        5,
        0,
        6,
        0,
        200,
        0,
        208,
        7,
        40,
        35,
        16,
        39
      ],
      "rows": 6,
      "cols": 5,
      "xAxis": [
        200,
        2000,
        9000,
        10000,
        10500
      ],
      "yAxis": [
        0,
        1000,
        2000,
        3000,
        4000,
        5000
      ],
      "le": true,
      "occurrences": 7,
      "occurrencePct": 13.725490196078432,
      "avgPctChange": 3.000000000000003,
      "medianPctChange": 3.0000000000000027,
      "sampleFiles": [
        "Hyundai_Santa_Fe_2.0crdi_2017___110.3KWKW_Bosch___519253_005F.Original",
        "Kia_Sorento_2.0d_2017___110.3KWKW_Bosch___519249_0D0F.Original",
        "Hyundai_IX35_2.0crdi_2011_Turbo-Diesel__99.3KWKW_Bosch___512593_CFFC.Original"
      ]
    },
    {
      "sigHex": "0c000c00b80bac0da00f9411",
      "sigBytes": [
        12,
        0,
        12,
        0,
        184,
        11,
        172,
        13,
        160,
        15,
        148,
        17
      ],
      "rows": 12,
      "cols": 12,
      "xAxis": [
        3000,
        3500,
        4000,
        4500,
        5000,
        5500,
        6000,
        6500,
        7000,
        7500,
        8000,
        9000
      ],
      "yAxis": [
        0,
        1000,
        2000,
        3000,
        3500,
        4000,
        4500,
        5000,
        5500,
        6000,
        6500,
        7000
      ],
      "le": true,
      "occurrences": 6,
      "occurrencePct": 11.76470588235294,
      "avgPctChange": -0.521558422960755,
      "medianPctChange": -0.521558422960755,
      "sampleFiles": [
        "Hyundai_Santa_Fe_2.0crdi_2017___110.3KWKW_Bosch___519253_005F.Original",
        "Kia_Sorento_2.0d_2017___110.3KWKW_Bosch___519249_0D0F.Original",
        "Hyundai_Santa_Fe_2.0crdi_2012___110.3KWKW_Bosch___519253_005F.Original"
      ]
    },
    {
      "sigHex": "10001000500020037c06d007",
      "sigBytes": [
        16,
        0,
        16,
        0,
        80,
        0,
        32,
        3,
        124,
        6,
        208,
        7
      ],
      "rows": 16,
      "cols": 16,
      "xAxis": [
        80,
        800,
        1660,
        2000,
        2600,
        3000,
        3500,
        4000,
        5000,
        6000,
        7000,
        8000,
        9000,
        10000,
        10400,
        12000
      ],
      "yAxis": [
        0,
        492,
        983,
        1475,
        1966,
        2458,
        2949,
        3441,
        3932,
        4424,
        4915,
        5407,
        5653,
        6554,
        7373,
        8192
      ],
      "le": true,
      "occurrences": 5,
      "occurrencePct": 9.803921568627452,
      "avgPctChange": 858.6219809024527,
      "medianPctChange": 858.6219809024527,
      "sampleFiles": [
        "Hyundai_i30_1.6_2017_Turbo-Diesel__66.2KWKW_Bosch___516008_5CCB.Original",
        "Hyundai_i30_1.6CRDi_2010_Turbo-Diesel__66.2KWKW_Bosch___508162_5DFB.Original",
        "Hyundai_i30_1.6_2012_Turbo-Diesel__66.2KWKW_Bosch___516008_5CCB.Original"
      ]
    },
    {
      "sigHex": "080008000000200340066009",
      "sigBytes": [
        8,
        0,
        8,
        0,
        0,
        0,
        32,
        3,
        64,
        6,
        96,
        9
      ],
      "rows": 8,
      "cols": 8,
      "xAxis": [
        0,
        800,
        1600,
        2400,
        3600,
        4400,
        5200,
        6000
      ],
      "yAxis": [
        2481,
        2581,
        2681,
        2781,
        2931,
        3031,
        3131,
        3231
      ],
      "le": true,
      "occurrences": 5,
      "occurrencePct": 9.803921568627452,
      "avgPctChange": 2.0000000000000018,
      "medianPctChange": 2.0000000000000018,
      "sampleFiles": [
        "Kia_Sorento_2.2CRDI_2017_Turbo-Diesel__144.9KWKW_Bosch___519248_3871.Original",
        "Hyundai_Santa_Fe_2.2CRDI_2011___144.9KWKW_Bosch___516119_AA2E.Original",
        "Kia_Sorento_2.2CRDI_2012_Turbo-Diesel__144.9KWKW_Bosch___519248_3871.Original"
      ]
    },
    {
      "sigHex": "0c000c000000a8025005f807",
      "sigBytes": [
        12,
        0,
        12,
        0,
        0,
        0,
        168,
        2,
        80,
        5,
        248,
        7
      ],
      "rows": 12,
      "cols": 12,