{
  "family": "EDC17_CP14",
  "totalPairs": 210,
  "maps": [
    {
      "sigHex": "0e000a00c800900158022003",
      "sigBytes": [
        14,
        0,
        10,
        0,
        200,
        0,
        144,
        1,
        88,
        2,
        32,
        3
      ],
      "rows": 10,
      "cols": 14,
      "xAxis": [
        200,
        400,
        600,
        800,
        1000,
        1200,
        1600,
        2000,
        4000,
        6000,
        8000,
        9600,
        10300,
        11000
      ],
      "yAxis": [
        0,
        100,
        200,
        300,
        500,
        2500,
        5500,
        6500,
        7500,
        8500
      ],
      "le": true,
      "occurrences": 244,
      "occurrencePct": 116.1904761904762,
      "avgPctChange": 2.177554958521283,
      "medianPctChange": 2.086655456762232,
      "sampleFiles": [
        "Audi_A3_2.0_TDI_CR_2007_Turbo-Diesel___103KWKW_Bosch__03L906022BQ_396412_053B.Original",
        "Audi_A3_2.0_TDI_CR_2007_Turbo-Diesel___103KWKW_Bosch__03L906022BQ_396412_053B.Original",
        "Audi_A3_2.0_TDI_CR_2007_Turbodiesel___103KWKW_Bosch__03L906022BQ_396412_053B.Original"
      ]
    },
    {
      "sigHex": "10000a0040066009b80bac0d",
      "sigBytes": [
        16,
        0,
        10,
        0,
        64,
        6,
        96,
        9,
        184,
        11,
        172,
        13
      ],
      "rows": 10,
      "cols": 16,
      "xAxis": [
        1600,
        2400,
        3000,
        3500,
        4000,
        4500,
        5000,
        5500,
        6000,
        6500,
        7000,
        7500,
        8000,
        9000,
        9600,
        10800
      ],
      "yAxis": [
        600,
        650,
        700,
        750,
        800,
        850,
        900,
        930,
        940,
        950
      ],
      "le": true,
      "occurrences": 54,
      "occurrencePct": 25.71428571428571,
      "avgPctChange": 5.981577582108237,
      "medianPctChange": 5.984431698466586,
      "sampleFiles": [
        "VW_Golf6_2.0_TDI_CR_2009_Turbo-Diesel___80.9KWKW_Bosch__03L906022G__505933_04B3.Original",
        "VW_Golf_2.0_TDI_CR_2009_Turbo-Diesel___103KWKW_Bosch_03L906022HR_03L906022G__396418_E16D.Original",
        "VW_Golf_2.0_TDI_CR_2009_Turbo-Diesel___80.9KWKW_Bosch__03L906022MC_507643_1AC1.Original"
      ]
    },
    {
      "sigHex": "100010000000a406d007c409",
      "sigBytes": [
        16,
        0,
        16,
        0,
        0,
        0,
        164,
        6,
        208,
        7,
        196,
        9
      ],
      "rows": 16,
      "cols": 16,
      "xAxis": [
        0,
        1700,
        2000,
        2500,
        3000,
        3500,
        4000,
        4500,
        5000,
        6000,
        7000,
        7500,
        8000,
        8400,
        9000,
        10000
      ],
      "yAxis": [
        600,
        650,
        675,
        700,
        725,
        750,
        775,
        800,
        825,
        850,
        875,
        900,
        925,
        950,
        975,
        990
      ],
      "le": true,
      "occurrences": 3,
      "occurrencePct": 1.4285714285714286,
      "avgPctChange": 5.526688228792364,
      "medianPctChange": 5.526688228792365,
      "sampleFiles": [
        "VW_Scirocco_2.0_TDI_CR_2009_Turbo-Benzin___125KWKW_Bosch_03L906022LD_03L906022G_501957_AE4C.Original",
        "VW_Scirocco_2.0_TDI_CR_2009_Turbo-Benzin___125KWKW_Bosch_03L906022LD_03L906022G_501957_AE4C.Original",
        "VW_Scirocco_2.0_TDI_CR_2009_Turbo-Benzin___125KWKW_Bosch_03L906022LD_03L906022G_501957_AE4C.Original"
      ]
    }
  ]
}