{
  "family": "EDC16_PD",
  "totalPairs": 681,
  "maps": [
    {
      "sigHex": "000b000a05d206cf077708c7",
      "sigBytes": [
        0,
        11,
        0,
        10,
        5,
        210,
        6,
        207,
        7,
        119,
        8,
        199
      ],
      "rows": 10,
      "cols": 11,
      "xAxis": [
        1490,
        1743,
        1911,
        2247,
        2499,
        3003,
        3507,
        3750,
        3990,
        4242,
        4494
      ],
      "yAxis": [
        600,
        650,
        700,
        750,
        800,
        850,
        900,
        950,
        1000,
        1050
      ],
      "le": false,
      "occurrences": 99,
      "occurrencePct": 14.537444933920703,
      "avgPctChange": 6.240819879106497,
      "medianPctChange": 5.0729892329004045,
      "sampleFiles": [
        "Audi_A3_1.9_TDI_2005_Turbo-Diesel___77.2KWKW_Bosch__03G906021AB_391809_8C67.Original",
        "Audi_A3_1.9_TDI_2005_Turbo-Diesel___77.2KWKW_Bosch__03G906021AB_391809_8C67.Original",
        "Audi_A3_1.9_TDI_2006_Turbodiesel___77.2KWKW_Bosch_0281012_03G906021AB_391813_0A95.Original"
      ]
    },
    {
      "sigHex": "0010001000000190032004b0",
      "sigBytes": [
        0,
        16,
        0,
        16,
        0,
        0,
        1,
        144,
        3,
        32,
        4,
        176
      ],
      "rows": 16,
      "cols": 16,
      "xAxis": [
        0,
        400,
        800,
        1200,
        1600,
        2000,
        2400,
        2800,
        3200,
        3600,
        4000,
        4400,
        4800,
        5200,
        5600,
        6000
      ],
      "yAxis": [
        0,
        400,
        800,
        1200,
        1600,
        2000,
        2400,
        2800,
        3200,
        3600,
        4000,
        4400,
        4800,
        5200,
        5600,
        6000
      ],
      "le": false,
      "occurrences": 52,
      "occurrencePct": 7.63582966226138,
      "avgPctChange": 19.42014423076923,
      "medianPctChange": 19.999999999999996,
      "sampleFiles": [
        "Audi_A3_2.0_TDI_PD_2007_Turbodiesel___103KWKW_Bosch__03G906021JH_392913_2F71.Original",
        "Audi_A3_2.0_TDI_PD_2007_Turbodiesel___103KWKW_Bosch__03G906021JH_392913_2F71.Original",
        "Seat_Althea_1.9_TDI_2006_Turbodiesel___77.2KWKW_Bosch__03G906021JN_382685_B190.Original"
      ]
    },
    {
      "sigHex": "0010000800000190025802bc",
      "sigBytes": [
        0,
        16,
        0,
        8,
        0,
        0,
        1,
        144,
        2,
        88,
        2,
        188
      ],
      "rows": 8,
      "cols": 16,
      "xAxis": [
        0,
        400,
        600,
        700,
        830,
        900,
        1000,
        1100,
        1200,
        1500,
        2000,
        2500,
        3000,
        4000,
        5000,
        5355
      ],
      "yAxis": [
        100,
        400,
        1000,
        2000,
        4000,
        6000,
        8000,
        10000
      ],
      "le": false,
      "occurrences": 28,
      "occurrencePct": 4.1116005873715125,
      "avgPctChange": 19.945236075122075,
      "medianPctChange": 19.97952383061876,
      "sampleFiles": [
        "Audi_A4_1.9_TDI_PD_2008____KW_Bosch__03G906016GD_392909_299B.Original",
        "Audi_A4_1.9_TDI_PD_2008____KW_Bosch__03G906016GD_392909_299B.Original",
        "Audi_A4_1.9_TDI_PD_2008____KW_Bosch__03G906016GD_392909_299B.Original"
      ]
    },
    {
      "sigHex": "000d000c03e804e205dc06d6",
      "sigBytes": [
        0,
        13,
        0,
        12,
        3,
        232,
        4,
        226,
        5,
        220,
        6,
        214
      ],
      "rows": 12,
      "cols": 13,
      "xAxis": [
        1000,
        1250,
        1500,
        1750,
        2000,
        2250,
        2500,
        2750,
        3000,
        3250,
        3500,
        3750,
        4000
      ],
      "yAxis": [
        0,
        400,
        600,
        800,
        1000,
        1500,
        2000,
        2500,
        3000,
        3500,
        3700,
        4000
      ],
      "le": false,
      "occurrences": 24,
      "occurrencePct": 3.524229074889868,
      "avgPctChange": 6.2226416855591005,
      "medianPctChange": 6.127191247481756,
      "sampleFiles": [
        "Audi_A4_1.9_TDI_PD_2008____KW_Bosch__03G906016GD_392909_299B.Original",
        "Audi_A4_1.9_TDI_PD_2008____KW_Bosch__03G906016GD_392909_299B.Original",
        "Audi_A4_1.9_TDI_PD__Turbo-Diesel___77.2KWKW_Bosch__03G906016GD_383060_F1AF.Original"
      ]
    },
    {
      "sigHex": "000c000c03e804e205dc06d6",
      "sigBytes": [
        0,
        12,
        0,
        12,
        3,
        232,
        4,
        226,
        5,
        220,
        6,
        214
      ],
      "rows": 12,
      "cols": 12,
      "xAxis": [
        1000,
        1250,
        1500,
        1750,
        2000,
        2250,
        2500,
        2750,
        3000,
        3500,
        4000,
        4500
      ],
      "yAxis": [
        0,
        600,
        800,
        1000,
        1500,
        2000,
        2500,
        3000,
        3500,
        3700,
        4000,
        4500
      ],
      "le": false,
      "occurrences": 24,
      "occurrencePct": 3.524229074889868,
      "avgPctChange": 5.672675512349304,
      "medianPctChange": 4.978370722815795,
      "sampleFiles": [
        "VW_Golf5_1.9_TDI_2006_Turbo-Diesel___77.2KWKW_Bosch__03G906021AB_391592_4986.Original",
        "VW_Golf5_1.9_TDI_PD_2006_Turbodiesel___77.2KWKW_Bosch__03G906021QK_391843_CA2F.Original",
        "VW_Golf_5_1.9_TDI_PD_2006_Turbo-Diesel___77.2KWKW_Bosch__03G906021QK_389292_C730.Original"
      ]
    },
    {
      "sigHex": "000e000b03e804e205dc06d6",
      "sigBytes": [
        0,
        14,
        0,
        11,
        3,
        232,
        4,
        226,
        5,
        220,
        6,
        214
      ],
      "rows": 11,
      "cols": 14,
      "xAxis": [
        1000,
        1250,
        1500,
        1750,
        2000,
        2250,
        2500,
        2750,
        3000,
        3250,
        3500,
        3750,
        4000,
        4250
      ],
      "yAxis": [
        400,
        600,
        800,
        1000,
        1250,
        1500,
        2000,
        2500,
        3000,
        3500,
        3700
      ],
      "le": false,
      "occurrences": 16,
      "occurrencePct": 2.3494860499265786,
      "avgPctChange": 5.164798865364268,
      "medianPctChange": 6.124294899116611,
      "sampleFiles": [
        "Audi_A4_1.9_TDI_PD_2008____KW_Bosch__03G906016GD_392909_299B.Original",
        "Audi_A4_1.9_TDI_PD_2008____KW_Bosch__03G906016GD_392909_299B.Original",
        "Audi_A4_1.9_TDI_PD__Turbo-Diesel___77.2KWKW_Bosch__03G906016GD_383060_F1AF.Original"
      ]
    },
    {
      "sigHex": "000a000a05dc06d607d008ca",
      "sigBytes": [
        0,
        10,
        0,
        10,
        5,
        220,
        6,
        214,
        7,
        208,
        8,
        202
      ],
      "rows": 10,
      "cols": 10,
      "xAxis": [
        1500,
        1750,
        2000,
        2250,
        2500,
        3000,
        3500,
        4000,
        4250,
        4500
      ],
      "yAxis": [
        600,
        650,
        700,
        750,
        800,
        850,
        900,
        930,
        960,
        1100
      ],
      "le": false,
      "occurrences": 14,
      "occurrencePct": 2.0558002936857562,
      "avgPctChange": 7.23484805750696,
      "medianPctChange": 8.007592079614234,
      "sampleFiles": [
        "Audi_A6_1.9_TDI_PD_2005_Turbodiesel___103KWKW_Bosch__03G906016HS_379819_D01D.Original",
        "Audi_A6_2.0_TDI_2006_Turbodiesel___103KWKW_Bosch_0281012_03G906016GB_391835_000B.Original",
        "Audi_A6_2.0_TDI_PD_2005_Turbo-Diesel___103KWKW_Bosch__03G906016MF_389286_E59B.Original"
      ]
    },
    {
      "sigHex": "000a000a05dc06d6076c08ca",