{
  "family": "EDC16_C34",
  "totalPairs": 135,
  "maps": [
    {
      "sigHex": "000c0008006401f403e805dc",
      "sigBytes": [
        0,
        12,
        0,
        8,
        0,
        100,
        1,
        244,
        3,
        232,
        5,
        220
      ],
      "rows": 8,
      "cols": 12,
      "xAxis": [
        100,
        500,
        1000,
        1500,
        2000,
        2500,
        3000,
        3500,
        4000,
        4500,
        4600,
        5000
      ],
      "yAxis": [
        0,
        100,
        200,
        500,
        1000,
        2000,
        3500,
        5000
      ],
      "le": false,
      "occurrences": 58,
      "occurrencePct": 42.96296296296296,
      "avgPctChange": 3.0186146023293094,
      "medianPctChange": 2.953260869565222,
      "sampleFiles": [
        "Citroen_Berlingo_1.6_HDI_2006_Turbodiesel___66.2KWKW_Bosch__Bosch_375956_8E86.Original",
        "Citroen_Berlingo_1.6_HDI_2006_Turbodiesel___66.2KWKW_Bosch__Bosch_375956_8E86.Original",
        "Citroen_Berlingo_1.6_HDI_2009_Turbo-Diesel___66.2KWKW_Bosch__Bosch__393468_8F8F.Original"
      ]
    },
    {
      "sigHex": "0010001002ee03e804e205dc",
      "sigBytes": [
        0,
        16,
        0,
        16,
        2,
        238,
        3,
        232,
        4,
        226,
        5,
        220
      ],
      "rows": 16,
      "cols": 16,
      "xAxis": [
        750,
        1000,
        1250,
        1500,
        1750,
        2000,
        2250,
        2500,
        2750,
        3000,
        3250,
        3500,
        4000,
        4250,
        4500,
        5000
      ],
      "yAxis": [
        0,
        81,
        169,
        331,
        493,
        663,
        993,
        1318,
        1650,
        1981,
        2313,
        2644,
        2968,
        3300,
        3631,
        3963
      ],
      "le": false,
      "occurrences": 4,
      "occurrencePct": 2.9629629629629632,
      "avgPctChange": 21.220051409783654,
      "medianPctChange": 21.23482104814658,
      "sampleFiles": [
        "Citroen_C2_1.6_HDI_2007_Turbodiesel___80.9KWKW_Bosch_0281012_Bosch__380744_FBF7.Original",
        "Citroen_C2_1.6_HDI_2007_Turbodiesel___80.9KWKW_Bosch_0281012_Bosch__380744_FBF7.Original",
        "Citroen_C2_1.6_HDI_2007_Turbodiesel___80.9KWKW_Bosch_0281012_Bosch__380744_FBF7.Original"
      ]
    },
    {
      "sigHex": "0008001402bc02ee03200352",
      "sigBytes": [
        0,
        8,
        0,
        20,
        2,
        188,
        2,
        238,
        3,
        32,
        3,
        82
      ],
      "rows": 20,
      "cols": 8,
      "xAxis": [
        700,
        750,
        800,
        850,
        900,
        950,
        975,
        1000
      ],
      "yAxis": [
        0,
        600,
        800,
        1000,
        1250,
        1500,
        1750,
        2000,
        2250,
        2500,
        2750,
        3000,
        3250,
        3500,
        3750,
        4000,
        4250,
        4500,
        4850,
        5100
      ],
      "le": false,
      "occurrences": 2,
      "occurrencePct": 1.4814814814814816,
      "avgPctChange": 30.000000000000004,
      "medianPctChange": 30.000000000000004,
      "sampleFiles": [
        "Citroen_C3_1.4_HDI_2005_Turbodiesel___51.5KWKW_Bosch_0281011785_Bosch__372284_C27A.Original",
        "Citroen_C3_1.4_HDI_2005_Turbodiesel___51.5KWKW_Bosch_0281011785_Bosch__372284_C27A.Original"
      ]
    }
  ]
}