{
  "family": "EDC17_Ford",
  "totalPairs": 80,
  "maps": [
    {
      "sigHex": "1000100000008002c003a005",
      "sigBytes": [
        16,
        0,
        16,
        0,
        0,
        0,
        128,
        2,
        192,
        3,
        160,
        5
      ],
      "rows": 16,
      "cols": 16,
      "xAxis": [
        0,
        640,
        960,
        1440,
        1920,
        1936,
        2880,
        3360,
        3840,
        4320,
        4800,
        5280,
        5760,
        6240,
        6720,
        7200
      ],
      "yAxis": [
        0,
        500,
        800,
        1000,
        1250,
        1500,
        1750,
        2000,
        2250,
        2500,
        2750,
        3000,
        3500,
        4000,
        4500,
        5000
      ],
      "le": true,
      "occurrences": 5,
      "occurrencePct": 6.25,
      "avgPctChange": 10.217821782178227,
      "medianPctChange": 10.217821782178227,
      "sampleFiles": [
        "Ford_Transit_2.2_TDCi_2007_Turbo-Diesel___62.5KWKW_Visteon__6C11_-_12A650_-_AN_6C11_-_12K532_-_AK_B3E3.Original",
        "Ford_Transit_2.2_TDCi_2007_Turbodiesel___95.6KWKW_Visteon____69A0.Original",
        "Ford_Transit_2.2_TDCi_2008_Turbo-Diesel___62.5KWKW_Visteon__6C11_-_12A650_-_AN_6C11_-_12K532_-_AK_B516.Original"
      ]
    },
    {
      "sigHex": "100010000000ec01d703c305",
      "sigBytes": [
        16,
        0,
        16,
        0,
        0,
        0,
        236,
        1,
        215,
        3,
        195,
        5
      ],
      "rows": 16,
      "cols": 16,
      "xAxis": [
        0,
        492,
        983,
        1475,
        1966,
        2294,
        2621,
        2949,
        3277,
        3686,
        4096,
        4915,
        5734,
        6554,
        7373,
        8192
      ],
      "yAxis": [
        0,
        1600,
        2500,
        3000,
        10000,
        20000,
        21000,
        22000,
        23000,
        23500,
        24000,
        24500,
        25000,
        25500,
        26000,
        26500
      ],
      "le": true,
      "occurrences": 4,
      "occurrencePct": 5,
      "avgPctChange": 100,
      "medianPctChange": 100,
      "sampleFiles": [
        "Ford_Mondeo_2.2tdci_2017___147.1KWKW_Bosch___513490_0047.Original",
        "Ford_Mondeo_2.2TDCI_2011___147.1KWKW_Bosch___513174_7E07.Original",
        "Ford_Mondeo_2.2tdci_2012___147.1KWKW_Bosch___513490_0047.Original"
      ]
    },
    {
      "sigHex": "100010007805e807b80ba00f",
      "sigBytes": [
        16,
        0,
        16,
        0,
        120,
        5,
        232,
        7,
        184,
        11,
        160,
        15
      ],
      "rows": 16,
      "cols": 16,
      "xAxis": [
        1400,
        2024,
        3000,
        4000,
        5000,
        6000,
        7000,
        8000,
        9000,
        10024,
        10026,
        10028,
        10030,
        10032,
        10034,
        10036
      ],
      "yAxis": [
        600,
        700,
        750,
        800,
        860,
        980,
        1200,
        1500,
        1600,
        1700,
        1710,
        1720,
        1730,
        1740,
        1750,
        1760
      ],
      "le": true,
      "occurrences": 4,
      "occurrencePct": 5,
      "avgPctChange": 3.431034482758627,
      "medianPctChange": 3.4482758620689724,
      "sampleFiles": [
        "Ford_Mondeo_2.2tdci_2017___147.1KWKW_Bosch___513490_0047.Original",
        "Ford_Mondeo_2.2TDCI_2011___147.1KWKW_Bosch___513174_7E07.Original",
        "Ford_Mondeo_2.2tdci_2012___147.1KWKW_Bosch___513490_0047.Original"
      ]
    },
    {
      "sigHex": "080008000000200340066009",
      "sigBytes": [
        8,
        0,
        8,
        0,
        0,
        0,
        32,
        3,
        64,
        6,
        96,
        9
      ],
      "rows": 8,
      "cols": 8,
      "xAxis": [
        0,
        800,
        1600,
        2400,
        3600,
        4400,
        5200,
        6000
      ],
      "yAxis": [
        2481,
        2581,
        2681,
        2781,
        2931,
        3031,
        3131,
        3231
      ],
      "le": true,
      "occurrences": 4,
      "occurrencePct": 5,
      "avgPctChange": 2.758333333333324,
      "medianPctChange": 2.777777777777768,
      "sampleFiles": [
        "Ford_Mondeo_2.2tdci_2017___147.1KWKW_Bosch___513490_0047.Original",
        "Ford_Mondeo_2.2TDCI_2011___147.1KWKW_Bosch___513174_7E07.Original",
        "Ford_Mondeo_2.2tdci_2012___147.1KWKW_Bosch___513490_0047.Original"
      ]
    },
    {
      "sigHex": "100008004006d007c409a00f",
      "sigBytes": [
        16,
        0,
        8,
        0,
        64,
        6,
        208,
        7,
        196,
        9,
        160,
        15
      ],
      "rows": 8,
      "cols": 16,
      "xAxis": [
        1600,
        2000,
        2500,
        4000,
        5000,
        6000,
        6500,
        6750,
        7000,
        7400,
        7500,
        8000,
        8500,
        9000,
        10100,
        10400
      ],
      "yAxis": [
        2000,
        3000,
        3500,
        4000,
        4500,
        5000,
        5500,
        6000
      ],
      "le": true,
      "occurrences": 4,
      "occurrencePct": 5,
      "avgPctChange": 3.3678646934460823,
      "medianPctChange": 3.3826638477801207,
      "sampleFiles": [
        "Ford_Mondeo_2.2tdci_2017___147.1KWKW_Bosch___513490_0047.Original",
        "Ford_Mondeo_2.2TDCI_2011___147.1KWKW_Bosch___513174_7E07.Original",
        "Ford_Mondeo_2.2tdci_2012___147.1KWKW_Bosch___513490_0047.Original"
      ]
    },
    {
      "sigHex": "000300040005000600070960",
      "sigBytes": [
        0,
        3,
        0,
        4,
        0,
        5,
        0,
        6,
        0,
        7,
        9,
        96
      ],
      "rows": 4,
      "cols": 3,
      "xAxis": [
        5,
        6,
        7
      ],
      "yAxis": [
        2400,
        2720,
        4800,
        5440
      ],
      "le": false,
      "occurrences": 3,
      "occurrencePct": 3.75,
      "avgPctChange": 15.768833849329203,
      "medianPctChange": 17.461300309597515,
      "sampleFiles": [
        "Ford_Mondeo_2.0_TDCI_16V_2008_Turbo-Diesel___103KWKW_Delphi_AG91-14C204-JF_AG91-12A650-XF_T5A141A29_4B6E.Original",
        "Ford_Mondeo_2.0_TDCi_2011_Turbo-Diesel___103KWKW_Delphi__AG91-12A650-XF_AG91-14C204-JF_0247.Original",
        "Ford_Mondeo_2.0_TDCi_2011_Turbo-Diesel___103KWKW_Delphi__AG91-12A650-XG_AG91-14C204-GG_0B2D.Original"
      ]
    },
    {
      "sigHex": "000c0008006401f403e805dc",
      "sigBytes": [
        0,
        12,
        0,
        8,
        0,
        100,
        1,
        244,
        3,
        232,
        5,
        220
      ],
      "rows": 8,
      "cols": 12,
      "xAxis": [
        100,
        500,
        1000,
        1500,
        2000,
        2500,
        3000,
        3500,
        4000,
        4500,
        4600,
        5000
      ],
      "yAxis": [
        0,
        100,
        200,
        500,
        1000,
        2000,
        3500,
        5000
      ],
      "le": false,
      "occurrences": 1,
      "occurrencePct": 1.25,
      "avgPctChange": 9.565217391304337,
      "medianPctChange": 9.565217391304337,
      "sampleFiles": [
        "Ford_Focus_1.6_TDCi_2006_Turbodiesel___80.9KWKW_Bosch__Bosch__379343_54AF.Original"
      ]
    }
  ]
}