{
  "family": "EDC17_CP14",
  "totalPairs": 293,
  "maps": [
    {
      "sigHex": "0e000a00c800900158022003",
      "sigBytes": [
        14,
        0,
        10,
        0,
        200,
        0,
        144,
        1,
        88,
        2,
        32,
        3
      ],
      "rows": 10,
      "cols": 14,
      "xAxis": [
        200,
        400,
        600,
        800,
        1000,
        1200,
        1600,
        2000,
        4000,
        6000,
        8000,
        9600,
        10300,
        11000
      ],
      "yAxis": [
        0,
        100,
        200,
        300,
        500,
        2500,
        5500,
        6500,
        7500,
        8500
      ],
      "le": true,
      "occurrences": 346,
      "occurrencePct": 118.08873720136519,
      "avgPctChange": 2.1901527410748476,
      "medianPctChange": 2.086655456762232,
      "sampleFiles": [
        "Audi_A3_2.0_TDI_CR_2007_Turbo-Diesel___103KWKW_Bosch__03L906022BQ_396412_053B.Original",
        "Audi_A3_2.0_TDI_CR_2007_Turbo-Diesel___103KWKW_Bosch__03L906022BQ_396412_053B.Original",
        "Audi_A3_2.0_TDI_CR_2007_Turbodiesel___103KWKW_Bosch__03L906022BQ_396412_053B.Original"
      ]
    },
    {
      "sigHex": "10000a0040066009b80bac0d",
      "sigBytes": [
        16,
        0,
        10,
        0,
        64,
        6,
        96,
        9,
        184,
        11,
        172,
        13
      ],
      "rows": 10,
      "cols": 16,
      "xAxis": [
        1600,
        2400,
        3000,
        3500,
        4000,
        4500,
        5000,
        5500,
        6000,
        6500,
        7000,
        7500,
        8000,
        9000,
        9600,
        10800
      ],
      "yAxis": [
        600,
        650,
        700,
        750,
        800,
        850,
        900,
        930,
        940,
        950
      ],
      "le": true,
      "occurrences": 68,
      "occurrencePct": 23.208191126279864,
      "avgPctChange": 5.981409692910691,
      "medianPctChange": 5.984431698466586,
      "sampleFiles": [
        "VW_Golf6_2.0_TDI_CR_2009_Turbo-Diesel___80.9KWKW_Bosch__03L906022G__505933_04B3.Original",
        "VW_Golf_2.0_TDI_CR_2009_Turbo-Diesel___103KWKW_Bosch_03L906022HR_03L906022G__396418_E16D.Original",
        "VW_Golf_2.0_TDI_CR_2009_Turbo-Diesel___80.9KWKW_Bosch__03L906022MC_507643_1AC1.Original"
      ]
    },
    {
      "sigHex": "100010000000a406d007c409",
      "sigBytes": [
        16,
        0,
        16,
        0,
        0,
        0,
        164,
        6,
        208,
        7,
        196,
        9
      ],
      "rows": 16,
      "cols": 16,
      "xAxis": [
        0,
        1700,
        2000,
        2500,
        3000,
        3500,
        4000,
        4500,
        5000,
        6000,
        7000,
        7500,
        8000,
        8400,
        9000,
        10000
      ],
      "yAxis": [
        600,
        650,
        675,
        700,
        725,
        750,
        775,
        800,
        825,
        850,
        875,
        900,
        925,
        950,
        975,
        990
      ],
      "le": true,
      "occurrences": 9,
      "occurrencePct": 3.0716723549488054,
      "avgPctChange": 5.5266882287923655,
      "medianPctChange": 5.526688228792365,
      "sampleFiles": [
        "Seat_Leon_2.0_TDI_CR_2009_Turbo-Diesel___125KWKW_Bosch__03L906022GN_504936_4FD5.Original",
        "Skoda_New_Octavia_2.0_TDI_CR_2011_Turbo-Diesel___125KWKW_Bosch__03L906022RD_505400_765E.Original",
        "Skoda_Octavia_2_2.0_TDI_CR_2010_Turbo-Diesel___125KWKW_Bosch_03L906022RE_03L906022GA_501959_C297.Original"
      ]
    },
    {
      "sigHex": "00100008006401f403e805dc",
      "sigBytes": [
        0,
        16,
        0,
        8,
        0,
        100,
        1,
        244,
        3,
        232,
        5,
        220
      ],
      "rows": 8,
      "cols": 16,
      "xAxis": [
        100,
        500,
        1000,
        1500,
        2000,
        2500,
        3000,
        3500,
        4000,
        4500,
        4600,
        5000,
        5001,
        5002,
        5003,
        5004
      ],
      "yAxis": [
        0,
        100,
        200,
        500,
        1000,
        2000,
        3500,
        5000
      ],
      "le": false,
      "occurrences": 2,
      "occurrencePct": 0.6825938566552902,
      "avgPctChange": 2.8874999999999984,
      "medianPctChange": 3.3305555555555477,
      "sampleFiles": [
        "Ford_Focus_1.6_TDCi_2009_Turbo-Diesel___80.9KWKW_Bosch___500353_8EAA.Original",
        "Ford_Focus_1.6_TDCi_2011_Turbo-Diesel___80.9KWKW_Bosch_0281017771__508784_807A.Original"
      ]
    },
    {
      "sigHex": "10001000d007c409b80bac0d",
      "sigBytes": [
        16,
        0,
        16,
        0,
        208,
        7,
        196,
        9,
        184,
        11,
        172,
        13
      ],
      "rows": 16,
      "cols": 16,
      "xAxis": [
        2000,
        2500,
        3000,
        3500,
        4000,
        4500,
        5000,
        5500,
        6000,
        6500,
        7000,
        7500,
        8000,
        8500,
        9000,
        10000
      ],
      "yAxis": [
        600,
        625,
        650,
        675,
        700,
        725,
        750,
        800,
        825,
        850,
        875,
        900,
        925,
        950,
        975,
        1000
      ],
      "le": true,
      "occurrences": 1,
      "occurrencePct": 0.3412969283276451,
      "avgPctChange": 5.439593231899664,
      "medianPctChange": 5.439593231899664,
      "sampleFiles": [
        "Skoda_Superb_2.0_TDI_CR_2009_Turbo-Diesel___125KWKW_Bosch__03L906022QH_501497_FF37.Original"
      ]
    }
  ]
}