{
  "family": "EDC17_PSA",
  "totalPairs": 32,
  "maps": [
    {
      "sigHex": "100008002003e8034c04dc05",
      "sigBytes": [
        16,
        0,
        8,
        0,
        32,
        3,
        232,
        3,
        76,
        4,
        220,
        5
      ],
      "rows": 8,
      "cols": 16,
      "xAxis": [
        800,
        1000,
        1100,
        1500,
        2000,
        2400,
        2800,
        3200,
        3600,
        4000,
        4800,
        5600,
        6400,
        7200,
        8400,
        8800
      ],
      "yAxis": [
        0,
        1000,
        2000,
        3000,
        4000,
        5000,
        6000,
        8000
      ],
      "le": true,
      "occurrences": 25,
      "occurrencePct": 78.125,
      "avgPctChange": 2.9608155387940394,
      "medianPctChange": 2.96311824268527,
      "sampleFiles": [
        "MB_350CDI_3.0_2009___169.9KWKW_Bosch___512431_AB7B.Original",
        "MB_350CDI_3.0_2009___169.9KWKW_Bosch___512431_AB7B.Original",
        "MB_CLASSE_E_350_3.0_CDI_2009___169.9KWKW_Bosch__CR6EU5-642-46D3-Ch4_nNW-212WA-170kW-EU5OP-003c_Opt6_ME08c_501658_350A.Original"
      ]
    },
    {
      "sigHex": "100007009001d007b80b3011",
      "sigBytes": [
        16,
        0,
        7,
        0,
        144,
        1,
        208,
        7,
        184,
        11,
        48,
        17
      ],
      "rows": 7,
      "cols": 16,
      "xAxis": [
        400,
        2000,
        3000,
        4400,
        6200,
        7000,
        8000,
        10600,
        12000,
        14000,
        16000,
        17600,
        18000,
        18400,
        18800,
        20000
      ],
      "yAxis": [
        500,
        600,
        700,
        800,
        900,
        1000,
        1100
      ],
      "le": true,
      "occurrences": 14,
      "occurrencePct": 43.75,
      "avgPctChange": 7.733562051605501,
      "medianPctChange": 9.988623069410018,
      "sampleFiles": [
        "MB_VITO_3.0_CDI_2017___164.8KWKW_Bosch__CR6NFZ-642-6DN3-639A-Charge4_3ZNW-165kW-EU5_OP-ME5_01_516352_69B5.Original",
        "MB_VITO_3.0_CDI_2017___164.8KWKW_Bosch__CR6NFZ-642-6DN3-639A-Charge4_3ZNW-165kW-EU5_OP-ME5_01_516352_69B5.Original",
        "MB_E350_3.0_CDI_V6_Blue_Efficiency_2004_Turbo-Diesel___169.9KWKW_Bosch__CR6EU5-642-49D1-Ch4_nNW-207CA-170kW-EU5OP-006_V2_1_ME08_508964_E42C.Original"
      ]
    },
    {
      "sigHex": "03000600cb0ddf0dfd0db80b",
      "sigBytes": [
        3,
        0,
        6,
        0,
        203,
        13,
        223,
        13,
        253,
        13,
        184,
        11
      ],
      "rows": 6,
      "cols": 3,
      "xAxis": [
        3531,
        3551,
        3581
      ],
      "yAxis": [
        3000,
        6000,
        12000,
        14000,
        16000,
        18000
      ],
      "le": true,
      "occurrences": 13,
      "occurrencePct": 40.625,
      "avgPctChange": 3.026666666666666,
      "medianPctChange": 3.0000000000000027,
      "sampleFiles": [
        "MB_350CDI_3.0_2009___169.9KWKW_Bosch___512431_AB7B.Original",
        "MB_CLASSE_E_350_3.0_CDI_2009___169.9KWKW_Bosch__CR6EU5-642-46D3-Ch4_nNW-212WA-170kW-EU5OP-003c_Opt6_ME08c_501658_350A.Original",
        "MB_C_350_CDI_2010_Turbo-Diesel___169.9KWKW_Bosch_0281016383_CR6EU5-642-49D1-Ch4_nNW-204WSA-170kW-EU5OP_4x4-008c_ME07_1_510865_2EA1.Original"
      ]
    },
    {
      "sigHex": "080008002003dc05d0076009",
      "sigBytes": [
        8,
        0,
        8,
        0,
        32,
        3,
        220,
        5,
        208,
        7,
        96,
        9
      ],
      "rows": 8,
      "cols": 8,
      "xAxis": [
        800,
        1500,
        2000,
        2400,
        3600,
        4000,
        5600,
        8800
      ],
      "yAxis": [
        0,
        1000,
        2000,
        3000,
        4000,
        5000,
        6000,
        8000
      ],
      "le": true,
      "occurrences": 13,
      "occurrencePct": 40.625,
      "avgPctChange": 2.9385184770627504,
      "medianPctChange": 2.9092461961851113,
      "sampleFiles": [
        "MB_350CDI_3.0_2009___169.9KWKW_Bosch___512431_AB7B.Original",
        "MB_CLASSE_E_350_3.0_CDI_2009___169.9KWKW_Bosch__CR6EU5-642-46D3-Ch4_nNW-212WA-170kW-EU5OP-003c_Opt6_ME08c_501658_350A.Original",
        "MB_C_350_CDI_2010_Turbo-Diesel___169.9KWKW_Bosch_0281016383_CR6EU5-642-49D1-Ch4_nNW-204WSA-170kW-EU5OP_4x4-008c_ME07_1_510865_2EA1.Original"
      ]
    },
    {
      "sigHex": "03000600b70dcb0de90db80b",
      "sigBytes": [
        3,
        0,
        6,
        0,
        183,
        13,
        203,
        13,
        233,
        13,
        184,
        11
      ],
      "rows": 6,
      "cols": 3,
      "xAxis": [
        3511,
        3531,
        3561
      ],
      "yAxis": [
        3000,
        6000,
        8000,
        14000,
        16000,
        18800
      ],
      "le": true,
      "occurrences": 8,
      "occurrencePct": 25,
      "avgPctChange": 1.228436018957341,
      "medianPctChange": 1.2587677725118374,
      "sampleFiles": [
        "MB_SPRINTER_519CDI_2017___139.7KWKW_Bosch__CR6NFZ-642-6JN0-906A_NAG2-Charge4_3ZNW-140kW-EURO5_OP-ME9_03_516346_FC29.Original",
        "MB_Sprinter219-319-419-519_3.0_CDI_V6_2011_Turbo-Diesel__139.7KWKW_Bosch__CR6NFZ-642-6JN0-906M-Charge4_3ZNW-140kW-EURO5_OP-ME9_03_516344_8FD5.Original",
        "MB_Sprinter219-319-419-519_3.0_CDI_V6_2011_Turbo-Diesel___139.7KWKW_Bosch_0281016977_CR6NFZ-642-6KN0-906M-Charge4_3ZNW-140kW-EURO5_OP-ME12_04_529284_E0CC.Original"
      ]
    },
    {
      "sigHex": "03000500cb0ddf0dfd0db80b",
      "sigBytes": [
        3,
        0,
        5,
        0,
        203,
        13,
        223,
        13,
        253,
        13,
        184,
        11
      ],
      "rows": 5,
      "cols": 3,
      "xAxis": [
        3531,
        3551,
        3581
      ],
      "yAxis": [
        3000,
        6000,
        14000,
        16000,
        18000
      ],
      "le": true,
      "occurrences": 4,
      "occurrencePct": 12.5,
      "avgPctChange": 5.603932584269666,
      "medianPctChange": 8.20786516853933,
      "sampleFiles": [
        "MB_E350_CDI_2011___155.2KWKW_Bosch___512467_8B4E.Original",
        "MB_E_350CDI_2010___155.2KWKW_Bosch___516331_54AC.Original",
        "MB_GL_350CDI_2009_Turbo-Diesel__155.2KWKW_Bosch___512461_1AEA.Original"
      ]
    },
    {
      "sigHex": "10000800900120034c04dc05",
      "sigBytes": [
        16,
        0,
        8,
        0,
        144,
        1,
        32,
        3,
        76,
        4,
        220,
        5
      ],
      "rows": 8,
      "cols": 16,
      "xAxis": [
        400,
        800,
        1100,
        1500,
        2000,
        2400,
        2800,
        3200,
        3600,
        4000,
        4800,
        5600,
        6400,
        7200,
        8400,
        8800
      ],
      "yAxis": [
        0,
        1000,
        2000,
        3000,
        4000,
        5000,
        6000,
        8000
      ],
      "le": true,
      "occurrences": 4,
      "occurrencePct": 12.5,
      "avgPctChange": 2.9398773006134915,
      "medianPctChange": 2.988090941898225,
      "sampleFiles": [
        "MB_E350_CDI_2011___155.2KWKW_Bosch___512467_8B4E.Original",
        "MB_E_350CDI_2010___155.2KWKW_Bosch___516331_54AC.Original",
        "MB_GL_350CDI_2009_Turbo-Diesel__155.2KWKW_Bosch___512461_1AEA.Original"
      ]
    },
    {
      "sigHex": "08000800dc05d0076009f00a",
      "sigBytes": [
        8,
        0,
        8,
        0,
        220,
        5,
        208,
        7,
        96,
        9,
        240,
        10
      ],
      "rows": 8,
      "cols": 8,
      "xAxis": [
        1500,
        2000,
        2400,
        2800,
        4800,
        5600,
        6000,
        8400
      ],
      "yAxis": [
        800,
        1000,
        3500,
        4000,
        4500,
        5000,
        5500,
        8000
      ],
      "le": true,