{
  "family": "EDC17_CP24",
  "totalPairs": 24,
  "maps": [
    {
      "sigHex": "10000800c800f401e803dc05",
      "sigBytes": [
        16,
        0,
        8,
        0,
        200,
        0,
        244,
        1,
        232,
        3,
        220,
        5
      ],
      "rows": 8,
      "cols": 16,
      "xAxis": [
        200,
        500,
        1000,
        1500,
        1800,
        2000,
        2500,
        3000,
        3500,
        4000,
        4500,
        5000,
        6000,
        9000,
        9500,
        10000
      ],
      "yAxis": [
        2000,
        3000,
        4000,
        5000,
        6000,
        6500,
        7000,
        8800
      ],
      "le": true,
      "occurrences": 20,
      "occurrencePct": 83.33333333333334,
      "avgPctChange": 2.999445969936799,
      "medianPctChange": 2.999445969936798,
      "sampleFiles": [
        "Audi_A8_4.2_V8_TDI_CR_2017_Turbo-Diesel___257.4KWKW_Bosch_4H0907409___4H0907409D_514636_1495.Original",
        "Audi_A8_4.2_V8_TDI_CR_2017_Turbo-Diesel___257.4KWKW_Bosch_4H0907409___4H0907409D_514636_1495.Original",
        "Audi_A8_4.2_TDI_CR_DPF_V8_Quattro_2011_Turbo-Diesel___257.4KWKW_Bosch__4H0907409D__514636_27C3.Original"
      ]
    },
    {
      "sigHex": "0d000e004c04b004b806d007",
      "sigBytes": [
        13,
        0,
        14,
        0,
        76,
        4,
        176,
        4,
        184,
        6,
        208,
        7
      ],
      "rows": 14,
      "cols": 13,
      "xAxis": [
        1100,
        1200,
        1720,
        2000,
        2500,
        3000,
        3500,
        4000,
        4500,
        5000,
        5500,
        6000,
        6500
      ],
      "yAxis": [
        50,
        150,
        500,
        750,
        1000,
        1250,
        1500,
        1750,
        2000,
        2500,
        3000,
        3500,
        4000,
        5500
      ],
      "le": true,
      "occurrences": 10,
      "occurrencePct": 41.66666666666667,
      "avgPctChange": 94.68695990425503,
      "medianPctChange": 91.58556211203923,
      "sampleFiles": [
        "Audi_A4_3.0_TDI_CR_2011_Turbo-Diesel__176.5KWKW_Bosch__8K0907401E__507647_C35E.Original",
        "Audi_A4_3.0_TDI_CR_2011_Turbo-Diesel__176.5KWKW_Bosch__8K0907401E__507647_C35E.Original",
        "Audi_A4_3.0_TDI_CR_2011_Turbo-Diesel__176.5KWKW_Bosch__8K0907401E__507647_C35E.Original"
      ]
    },
    {
      "sigHex": "100009007805d007c409b80b",
      "sigBytes": [
        16,
        0,
        9,
        0,
        120,
        5,
        208,
        7,
        196,
        9,
        184,
        11
      ],
      "rows": 9,
      "cols": 16,
      "xAxis": [
        1400,
        2000,
        2500,
        3000,
        3200,
        3500,
        3800,
        4000,
        4500,
        5500,
        6000,
        7000,
        8000,
        8500,
        9000,
        10000
      ],
      "yAxis": [
        600,
        700,
        750,
        800,
        850,
        900,
        950,
        970,
        1000
      ],
      "le": true,
      "occurrences": 8,
      "occurrencePct": 33.33333333333333,
      "avgPctChange": 3.976495415514481,
      "medianPctChange": 3.9764954155144805,
      "sampleFiles": [
        "Audi_A8_4.2_V8_TDI_CR_2017_Turbo-Diesel___257.4KWKW_Bosch_4H0907409___4H0907409D_514636_1495.Original",
        "Audi_A8_4.2_TDI_CR_DPF_V8_Quattro_2011_Turbo-Diesel___257.4KWKW_Bosch__4H0907409D__514636_27C3.Original",
        "Audi_A8_4.2_TDI_CR_DPF_V8_Quattro__Turbo-Diesel___258.2KWKW_Bosch__4H0907409___508212_529B.Original"
      ]
    },
    {
      "sigHex": "0800080058116c1180119411",
      "sigBytes": [
        8,
        0,
        8,
        0,
        88,
        17,
        108,
        17,
        128,
        17,
        148,
        17
      ],
      "rows": 8,
      "cols": 8,
      "xAxis": [
        4440,
        4460,
        4480,
        4500,
        5800,
        5900,
        6000,
        7000
      ],
      "yAxis": [
        0,
        700,
        1500,
        2200,
        4500,
        10000,
        15000,
        25000
      ],
      "le": true,
      "occurrences": 8,
      "occurrencePct": 33.33333333333333,
      "avgPctChange": 60.703075957313224,
      "medianPctChange": 60.70307595731323,
      "sampleFiles": [
        "Audi_A8_4.2_V8_TDI_CR_2017_Turbo-Diesel___257.4KWKW_Bosch_4H0907409___4H0907409D_514636_1495.Original",
        "Audi_A8_4.2_TDI_CR_DPF_V8_Quattro_2011_Turbo-Diesel___257.4KWKW_Bosch__4H0907409D__514636_27C3.Original",
        "Audi_A8_4.2_TDI_CR_DPF_V8_Quattro__Turbo-Diesel___258.2KWKW_Bosch__4H0907409___508212_529B.Original"
      ]
    },
    {
      "sigHex": "10000b00b00414054006d007",
      "sigBytes": [
        16,
        0,
        11,
        0,
        176,
        4,
        20,
        5,
        64,
        6,
        208,
        7
      ],
      "rows": 11,
      "cols": 16,
      "xAxis": [
        1200,
        1300,
        1600,
        2000,
        2500,
        3000,
        3500,
        4000,
        4500,
        5000,
        5500,
        6000,
        7000,
        7500,
        8000,
        9000
      ],
      "yAxis": [
        0,
        500,
        1000,
        1500,
        2000,
        2500,
        3000,
        3500,
        4000,
        5000,
        6000
      ],
      "le": true,
      "occurrences": 4,
      "occurrencePct": 16.666666666666664,
      "avgPctChange": 43.02718821009979,
      "medianPctChange": 55.06344591473522,
      "sampleFiles": [
        "Audi_A4_3.0_TDI_CR_2011_Turbo-Diesel__176.5KWKW_Bosch__8K0907401E__507647_C35E.Original",
        "Audi_A4_3.0_TDI_CR_2011_Turbo-Diesel__176.5KWKW_Bosch__8K0907401E__507647_C35E.Original",
        "Audi_A4_3.0_TDI_CR_2011_Turbo-Diesel__176.5KWKW_Bosch__8K0907401E__507647_C35E.Original"
      ]
    },
    {
      "sigHex": "0c000e004c04b004b806d007",
      "sigBytes": [
        12,
        0,
        14,
        0,
        76,
        4,
        176,
        4,
        184,
        6,
        208,
        7
      ],
      "rows": 14,
      "cols": 12,
      "xAxis": [
        1100,
        1200,
        1720,
        2000,
        2500,
        3000,
        3500,
        4000,
        4500,
        5000,
        5500,
        6000
      ],
      "yAxis": [
        50,
        150,
        500,
        750,
        1000,
        1250,
        1500,
        2000,
        2500,
        3000,
        3500,
        4500,
        5000,
        5500
      ],
      "le": true,
      "occurrences": 4,
      "occurrencePct": 16.666666666666664,
      "avgPctChange": 89.76164643575959,
      "medianPctChange": 92.60188087774294,
      "sampleFiles": [
        "Audi_A4_3.0_TDI_CR_2011_Turbo-Diesel__176.5KWKW_Bosch__8K0907401E__507647_C35E.Original",
        "Audi_A4_3.0_TDI_CR_2011_Turbo-Diesel__176.5KWKW_Bosch__8K0907401E__507647_C35E.Original",
        "Audi_A4_3.0_TDI_CR_2011_Turbo-Diesel__176.5KWKW_Bosch__8K0907401E__507647_C35E.Original"
      ]
    },
    {
      "sigHex": "04001700bc0220038403b603",
      "sigBytes": [
        4,
        0,
        23,
        0,
        188,
        2,
        32,
        3,
        132,
        3,
        182,
        3
      ],
      "rows": 23,
      "cols": 4,
      "xAxis": [
        700,
        800,
        900,
        950
      ],
      "yAxis": [
        800,
        1600,
        2000,
        2500,
        2800,
        3000,
        3500,
        4000,
        4500,
        5000,
        5500,
        6000,
        6500,
        7000,
        7500,
        8000,
        8500,
        8800,
        9000,
        9500,
        10000,
        10200,
        11000
      ],
      "le": true,
      "occurrences": 4,
      "occurrencePct": 16.666666666666664,
      "avgPctChange": 24.758956812728265,
      "medianPctChange": 24.801075087218138,