{
  "family": "ME7",
  "totalPairs": 789,
  "maps": [
    {
      "sigHex": "080008000000a40048013e02",
      "sigBytes": [
        8,
        0,
        8,
        0,
        0,
        0,
        164,
        0,
        72,
        1,
        62,
        2
      ],
      "rows": 8,
      "cols": 8,
      "xAxis": [
        0,
        164,
        328,
        574,
        820,
        1229,
        2048,
        4056
      ],
      "yAxis": [
        3200,
        4080,
        6000,
        8080,
        10200,
        12080,
        16120,
        26120
      ],
      "le": true,
      "occurrences": 45,
      "occurrencePct": 5.7034220532319395,
      "avgPctChange": 181.59736598998066,
      "medianPctChange": 157.48730466450564,
      "sampleFiles": [
        "Audi_A3_1.8T_20V_2001_Turbo-Benzin___110.3KWKW_Bosch_0261207204_06A906032FC_360294_98CD.Original",
        "Audi_A3_1.8T_20V_2003_Benzin___110.3KWKW_Bosch_0261207436_06A906032HJ_362287_F7EA.Original",
        "Audi_A3_1.8T_20V_2003_Benzin___110.3KWKW_Bosch_0261207436_06A906032HJ_362287_F7EA.Original"
      ]
    },
    {
      "sigHex": "080008000000a00040014002",
      "sigBytes": [
        8,
        0,
        8,
        0,
        0,
        0,
        160,
        0,
        64,
        1,
        64,
        2
      ],
      "rows": 8,
      "cols": 8,
      "xAxis": [
        0,
        160,
        320,
        576,
        819,
        1229,
        2048,
        4096
      ],
      "yAxis": [
        3200,
        4960,
        6080,
        8000,
        10000,
        12000,
        16000,
        24000
      ],
      "le": true,
      "occurrences": 28,
      "occurrencePct": 3.5487959442332064,
      "avgPctChange": 122.11645952167007,
      "medianPctChange": 141.66985885611575,
      "sampleFiles": [
        "Audi_A3_1.8_T_2000_Turbo-Benzin___132.4KWKW_Bosch_0261206197_06A906032S__352356_2CFC.Original",
        "Audi_A4_1.8_T_2000_Turbo-Benzin___110.3KWKW_Bosch_0261206450_4B0906018AL_352051_F01C.Original",
        "Audi_A6_1.8_T_2000_Turbo-Benzin___110.3KWKW_Bosch_0261206525_4B0906018BF_352710_E79D.Original"
      ]
    },
    {
      "sigHex": "060008003d0a7b14b81ef628",
      "sigBytes": [
        6,
        0,
        8,
        0,
        61,
        10,
        123,
        20,
        184,
        30,
        246,
        40
      ],
      "rows": 8,
      "cols": 6,
      "xAxis": [
        2621,
        5243,
        7864,
        10486,
        13107,
        15729
      ],
      "yAxis": [
        2000,
        4000,
        6000,
        8000,
        12000,
        16000,
        20000,
        24000
      ],
      "le": true,
      "occurrences": 6,
      "occurrencePct": 0.7604562737642585,
      "avgPctChange": 106.0982001909728,
      "medianPctChange": -6.496298065440653,
      "sampleFiles": [
        "Audi_A4_1.8_T__Turbo-Benzin___110.3KWKW_Bosch_0261207779_8E0909018_363467_E459.Original",
        "Audi_A4_1.8_T__Turbo-Benzin___110.3KWKW_Bosch_0261207779_8E0909018_363467_E459.Original",
        "VW_Golf4_1.8_T__Turbo-Benzin___110.3KWKW_Bosch_0261206887_06A906032DR_360272_DF0E.Original"
      ]
    },
    {
      "sigHex": "08000800c00d8011a0140019",
      "sigBytes": [
        8,
        0,
        8,
        0,
        192,
        13,
        128,
        17,
        160,
        20,
        0,
        25
      ],
      "rows": 8,
      "cols": 8,
      "xAxis": [
        3520,
        4480,
        5280,
        6400,
        8000,
        10080,
        11200,
        19200
      ],
      "yAxis": [
        640,
        1067,
        1280,
        1707,
        2219,
        2560,
        2773,
        2987
      ],
      "le": true,
      "occurrences": 4,
      "occurrencePct": 0.5069708491761723,
      "avgPctChange": 5.640925319245383,
      "medianPctChange": 7.616013662189225,
      "sampleFiles": [
        "Audi_A6_2.7_Bi-Turbo_Allroad_2002_Turbo-Benzin___183.9KWKW_Bosch_0261207766_4Z7907551N__366367_E4C4.Original",
        "Audi_A6_2.7_Bi-Turbo_Allroad_2002_Turbo-Benzin___183.9KWKW_Bosch_0261207766_4Z7907551N__366367_E4C4.Original",
        "Audi_A6_2.7_Bi-Turbo_Allroad_2002_Turbo-Benzin___183.9KWKW_Bosch_0261207766_4Z7907551N__366367_E4C4.Original"
      ]
    },
    {
      "sigHex": "080008000000a40048016602",
      "sigBytes": [
        8,
        0,
        8,
        0,
        0,
        0,
        164,
        0,
        72,
        1,
        102,
        2
      ],
      "rows": 8,
      "cols": 8,
      "xAxis": [
        0,
        164,
        328,
        614,
        819,
        1229,
        2048,
        4096
      ],
      "yAxis": [
        3040,
        4000,
        6000,
        8000,
        10000,
        12000,
        16000,
        26000
      ],
      "le": true,
      "occurrences": 4,
      "occurrencePct": 0.5069708491761723,
      "avgPctChange": 29.08868673105438,
      "medianPctChange": 48.1481184627099,
      "sampleFiles": [
        "Audi_S3_1.8_T_2002_Turbo-Benzin___154.5KWKW_Bosch_0261206794_8N0906018J__360314_4EAD.Original",
        "Audi_S3_1.8_T_2002_Turbo-Benzin___165.5KWKW_Bosch_0261208269_8N0906018CH_367511_5104.Original",
        "Audi_S3_1.8_T_2002_Turbo-Benzin___154.5KWKW_Bosch_0261206794_8N0906018J__360314_4EAD.Original"
      ]
    },
    {
      "sigHex": "1000060000004b00f500f401",
      "sigBytes": [
        16,
        0,
        6,
        0,
        0,
        0,
        75,
        0,
        245,
        0,
        244,
        1
      ],
      "rows": 6,
      "cols": 16,
      "xAxis": [
        0,
        75,
        245,
        500,
        949,
        1881,
        2838,
        4281,
        6600,
        7900,
        8700,
        9800,
        10200,
        12000,
        13000,
        45000
      ],
      "yAxis": [
        4000,
        8000,
        12000,
        16000,
        20000,
        24000
      ],
      "le": true,
      "occurrences": 4,
      "occurrencePct": 0.5069708491761723,
      "avgPctChange": -22.890337173576714,
      "medianPctChange": -22.890337173576714,
      "sampleFiles": [
        "VW_Golf_3.2_R32_2001_Benzin___183.9KWKW_Bosch_0261207884_022906032CN_366355_19F8.Original",
        "VW_Golf_3.2_R32_2001_Benzin___183.9KWKW_Bosch_0261207884_022906032CN_366355_19F8.Original",
        "VW_Golf_3.2_R32_2001_Benzin___183.9KWKW_Bosch_0261207884_022906032CN_366355_19F8.Original"
      ]
    },
    {
      "sigHex": "120010002008200da00fc017",
      "sigBytes": [
        18,
        0,
        16,
        0,
        32,
        8,
        32,
        13,
        160,
        15,
        192,
        23
      ],
      "rows": 16,
      "cols": 18,
      "xAxis": [
        2080,
        3360,
        4000,
        6080,
        7040,
        8000,
        10000,
        12000,
        14400,
        15200,
        16000,
        18400,
        20000,
        22080,
        24000,
        26080,
        26400,
        27200
      ],
      "yAxis": [
        160,
        416,
        512,
        640,
        864,
        1088,
        1280,
        1707,
        2133,
        2560,
        2987,
        3413,
        3840,
        4267,
        4693,
        5760
      ],
      "le": true,
      "occurrences": 4,
      "occurrencePct": 0.5069708491761723,
      "avgPctChange": 47.141458653064916,
      "medianPctChange": 47.141458653064916,
      "sampleFiles": [
        "VW_Golf_3.2_R32_2001_Benzin___183.9KWKW_Bosch_0261207884_022906032CN_366355_19F8.Original",
        "VW_Golf_3.2_R32_2001_Benzin___183.9KWKW_Bosch_0261207884_022906032CN_366355_19F8.Original",
        "VW_Golf_3.2_R32_2001_Benzin___183.9KWKW_Bosch_0261207884_022906032CN_366355_19F8.Original"
      ]
    },
    {
      "sigHex": "0800080066020a0300041f05",
      "sigBytes": [
        8,
        0,
        8,
        0,
        102,
        2,
        10,
        3,
        0,
        4,
        31,
        5
      ],
      "rows": 8,
      "cols": 8,